fields pad,volledig pad
aNummer,aNummer
adressering,adressering
adressering.adresregel1,adressering.adresregel1
adresregel1,adressering.adresregel1
adressering.adresregel2,adressering.adresregel2
adresregel2,adressering.adresregel2
adressering.adresregel3,adressering.adresregel3
adresregel3,adressering.adresregel3
adressering.land,adressering.land
adressering.land.code,adressering.land.code
adressering.land.omschrijving,adressering.land.omschrijving
adressering.aanhef,adressering.aanhef
aanhef,adressering.aanhef
adressering.aanschrijfwijze,adressering.aanschrijfwijze
aanschrijfwijze,adressering.aanschrijfwijze
adressering.aanschrijfwijze.aanspreekvorm,adressering.aanschrijfwijze.aanspreekvorm
aanschrijfwijze.aanspreekvorm,adressering.aanschrijfwijze.aanspreekvorm
aanspreekvorm,adressering.aanschrijfwijze.aanspreekvorm
adressering.aanschrijfwijze.naam,adressering.aanschrijfwijze.naam
aanschrijfwijze.naam,adressering.aanschrijfwijze.naam
adressering.gebruikInLopendeTekst,adressering.gebruikInLopendeTekst
gebruikInLopendeTekst,adressering.gebruikInLopendeTekst
adressering.inOnderzoek,adressering.inOnderzoek
adressering.inOnderzoek.datumIngangOnderzoek,adressering.inOnderzoek.datumIngangOnderzoek
adressering.inOnderzoek.datumIngangOnderzoek.langFormaat,adressering.inOnderzoek.datumIngangOnderzoek.langFormaat
adressering.inOnderzoek.datumIngangOnderzoek.type,adressering.inOnderzoek.datumIngangOnderzoek.type
adressering.inOnderzoek.datumIngangOnderzoek.datum,adressering.inOnderzoek.datumIngangOnderzoek.datum
adressering.inOnderzoek.datumIngangOnderzoek.onbekend,adressering.inOnderzoek.datumIngangOnderzoek.onbekend
adressering.inOnderzoek.datumIngangOnderzoek.jaar,adressering.inOnderzoek.datumIngangOnderzoek.jaar
adressering.inOnderzoek.datumIngangOnderzoek.maand,adressering.inOnderzoek.datumIngangOnderzoek.maand
adressering.inOnderzoek.aanhef,adressering.inOnderzoek.aanhef
inOnderzoek.aanhef,adressering.inOnderzoek.aanhef
adressering.inOnderzoek.aanschrijfwijze,adressering.inOnderzoek.aanschrijfwijze
inOnderzoek.aanschrijfwijze,adressering.inOnderzoek.aanschrijfwijze
adressering.inOnderzoek.adresregel1,adressering.inOnderzoek.adresregel1
inOnderzoek.adresregel1,adressering.inOnderzoek.adresregel1
adressering.inOnderzoek.adresregel2,adressering.inOnderzoek.adresregel2
inOnderzoek.adresregel2,adressering.inOnderzoek.adresregel2
adressering.inOnderzoek.adresregel3,adressering.inOnderzoek.adresregel3
inOnderzoek.adresregel3,adressering.inOnderzoek.adresregel3
adressering.inOnderzoek.gebruikInLopendeTekst,adressering.inOnderzoek.gebruikInLopendeTekst
inOnderzoek.gebruikInLopendeTekst,adressering.inOnderzoek.gebruikInLopendeTekst
adressering.inOnderzoek.land,adressering.inOnderzoek.land
burgerservicenummer,burgerservicenummer
datumEersteInschrijvingGBA,datumEersteInschrijvingGBA
datumEersteInschrijvingGBA.langFormaat,datumEersteInschrijvingGBA.langFormaat
datumEersteInschrijvingGBA.type,datumEersteInschrijvingGBA.type
datumEersteInschrijvingGBA.datum,datumEersteInschrijvingGBA.datum
datumEersteInschrijvingGBA.onbekend,datumEersteInschrijvingGBA.onbekend
datumEersteInschrijvingGBA.jaar,datumEersteInschrijvingGBA.jaar
datumEersteInschrijvingGBA.maand,datumEersteInschrijvingGBA.maand
datumInschrijvingInGemeente,datumInschrijvingInGemeente
datumInschrijvingInGemeente.langFormaat,datumInschrijvingInGemeente.langFormaat
datumInschrijvingInGemeente.type,datumInschrijvingInGemeente.type
datumInschrijvingInGemeente.datum,datumInschrijvingInGemeente.datum
datumInschrijvingInGemeente.onbekend,datumInschrijvingInGemeente.onbekend
datumInschrijvingInGemeente.jaar,datumInschrijvingInGemeente.jaar
datumInschrijvingInGemeente.maand,datumInschrijvingInGemeente.maand
geboorte,geboorte
geboorte.datum,geboorte.datum
geboorte.datum.langFormaat,geboorte.datum.langFormaat
geboorte.datum.type,geboorte.datum.type
geboorte.datum.datum,geboorte.datum.datum
geboorte.datum.onbekend,geboorte.datum.onbekend
geboorte.datum.jaar,geboorte.datum.jaar
geboorte.datum.maand,geboorte.datum.maand
geboorte.inOnderzoek,geboorte.inOnderzoek
geboorte.inOnderzoek.datumIngangOnderzoek,geboorte.inOnderzoek.datumIngangOnderzoek
geboorte.inOnderzoek.datumIngangOnderzoek.langFormaat,geboorte.inOnderzoek.datumIngangOnderzoek.langFormaat
geboorte.inOnderzoek.datumIngangOnderzoek.type,geboorte.inOnderzoek.datumIngangOnderzoek.type
geboorte.inOnderzoek.datumIngangOnderzoek.datum,geboorte.inOnderzoek.datumIngangOnderzoek.datum
geboorte.inOnderzoek.datumIngangOnderzoek.onbekend,geboorte.inOnderzoek.datumIngangOnderzoek.onbekend
geboorte.inOnderzoek.datumIngangOnderzoek.jaar,geboorte.inOnderzoek.datumIngangOnderzoek.jaar
geboorte.inOnderzoek.datumIngangOnderzoek.maand,geboorte.inOnderzoek.datumIngangOnderzoek.maand
geboorte.inOnderzoek.datum,geboorte.inOnderzoek.datum
geboorte.inOnderzoek.land,geboorte.inOnderzoek.land
geboorte.inOnderzoek.plaats,geboorte.inOnderzoek.plaats
geboorte.land,geboorte.land
geboorte.land.code,geboorte.land.code
geboorte.land.omschrijving,geboorte.land.omschrijving
geboorte.plaats,geboorte.plaats
geboorte.plaats.code,geboorte.plaats.code
geboorte.plaats.omschrijving,geboorte.plaats.omschrijving
geheimhoudingPersoonsgegevens,geheimhoudingPersoonsgegevens
gemeenteVanInschrijving,gemeenteVanInschrijving
gemeenteVanInschrijving.code,gemeenteVanInschrijving.code
gemeenteVanInschrijving.omschrijving,gemeenteVanInschrijving.omschrijving
geslacht,geslacht
geslacht.code,geslacht.code
geslacht.omschrijving,geslacht.omschrijving
gezagsverhouding,gezagsverhouding
gezagsverhouding.indicatieCurateleRegister,gezagsverhouding.indicatieCurateleRegister
indicatieCurateleRegister,gezagsverhouding.indicatieCurateleRegister
gezagsverhouding.indicatieGezagMinderjarige,gezagsverhouding.indicatieGezagMinderjarige
indicatieGezagMinderjarige,gezagsverhouding.indicatieGezagMinderjarige
gezagsverhouding.indicatieGezagMinderjarige.code,gezagsverhouding.indicatieGezagMinderjarige.code
indicatieGezagMinderjarige.code,gezagsverhouding.indicatieGezagMinderjarige.code
gezagsverhouding.indicatieGezagMinderjarige.omschrijving,gezagsverhouding.indicatieGezagMinderjarige.omschrijving
indicatieGezagMinderjarige.omschrijving,gezagsverhouding.indicatieGezagMinderjarige.omschrijving
gezagsverhouding.inOnderzoek,gezagsverhouding.inOnderzoek
gezagsverhouding.inOnderzoek.datumIngangOnderzoek,gezagsverhouding.inOnderzoek.datumIngangOnderzoek
gezagsverhouding.inOnderzoek.datumIngangOnderzoek.langFormaat,gezagsverhouding.inOnderzoek.datumIngangOnderzoek.langFormaat
gezagsverhouding.inOnderzoek.datumIngangOnderzoek.type,gezagsverhouding.inOnderzoek.datumIngangOnderzoek.type
gezagsverhouding.inOnderzoek.datumIngangOnderzoek.datum,gezagsverhouding.inOnderzoek.datumIngangOnderzoek.datum
gezagsverhouding.inOnderzoek.datumIngangOnderzoek.onbekend,gezagsverhouding.inOnderzoek.datumIngangOnderzoek.onbekend
gezagsverhouding.inOnderzoek.datumIngangOnderzoek.jaar,gezagsverhouding.inOnderzoek.datumIngangOnderzoek.jaar
gezagsverhouding.inOnderzoek.datumIngangOnderzoek.maand,gezagsverhouding.inOnderzoek.datumIngangOnderzoek.maand
gezagsverhouding.inOnderzoek.indicatieCurateleRegister,gezagsverhouding.inOnderzoek.indicatieCurateleRegister
inOnderzoek.indicatieCurateleRegister,gezagsverhouding.inOnderzoek.indicatieCurateleRegister
gezagsverhouding.inOnderzoek.indicatieGezagMinderjarige,gezagsverhouding.inOnderzoek.indicatieGezagMinderjarige
inOnderzoek.indicatieGezagMinderjarige,gezagsverhouding.inOnderzoek.indicatieGezagMinderjarige
immigratie,immigratie
immigratie.datumVestigingInNederland,immigratie.datumVestigingInNederland
datumVestigingInNederland,immigratie.datumVestigingInNederland
immigratie.datumVestigingInNederland.langFormaat,immigratie.datumVestigingInNederland.langFormaat
datumVestigingInNederland.langFormaat,immigratie.datumVestigingInNederland.langFormaat
immigratie.datumVestigingInNederland.type,immigratie.datumVestigingInNederland.type
datumVestigingInNederland.type,immigratie.datumVestigingInNederland.type
immigratie.datumVestigingInNederland.datum,immigratie.datumVestigingInNederland.datum
datumVestigingInNederland.datum,immigratie.datumVestigingInNederland.datum
immigratie.datumVestigingInNederland.onbekend,immigratie.datumVestigingInNederland.onbekend
datumVestigingInNederland.onbekend,immigratie.datumVestigingInNederland.onbekend
immigratie.datumVestigingInNederland.jaar,immigratie.datumVestigingInNederland.jaar
datumVestigingInNederland.jaar,immigratie.datumVestigingInNederland.jaar
immigratie.datumVestigingInNederland.maand,immigratie.datumVestigingInNederland.maand
datumVestigingInNederland.maand,immigratie.datumVestigingInNederland.maand
immigratie.inOnderzoek,immigratie.inOnderzoek
immigratie.inOnderzoek.datumIngangOnderzoek,immigratie.inOnderzoek.datumIngangOnderzoek
immigratie.inOnderzoek.datumIngangOnderzoek.langFormaat,immigratie.inOnderzoek.datumIngangOnderzoek.langFormaat
immigratie.inOnderzoek.datumIngangOnderzoek.type,immigratie.inOnderzoek.datumIngangOnderzoek.type
immigratie.inOnderzoek.datumIngangOnderzoek.datum,immigratie.inOnderzoek.datumIngangOnderzoek.datum
immigratie.inOnderzoek.datumIngangOnderzoek.onbekend,immigratie.inOnderzoek.datumIngangOnderzoek.onbekend
immigratie.inOnderzoek.datumIngangOnderzoek.jaar,immigratie.inOnderzoek.datumIngangOnderzoek.jaar
immigratie.inOnderzoek.datumIngangOnderzoek.maand,immigratie.inOnderzoek.datumIngangOnderzoek.maand
immigratie.inOnderzoek.datumVestigingInNederland,immigratie.inOnderzoek.datumVestigingInNederland
inOnderzoek.datumVestigingInNederland,immigratie.inOnderzoek.datumVestigingInNederland
immigratie.inOnderzoek.indicatieVestigingVanuitBuitenland,immigratie.inOnderzoek.indicatieVestigingVanuitBuitenland
inOnderzoek.indicatieVestigingVanuitBuitenland,immigratie.inOnderzoek.indicatieVestigingVanuitBuitenland
immigratie.inOnderzoek.landVanwaarIngeschreven,immigratie.inOnderzoek.landVanwaarIngeschreven
inOnderzoek.landVanwaarIngeschreven,immigratie.inOnderzoek.landVanwaarIngeschreven
immigratie.inOnderzoek.vanuitVerblijfplaatsOnbekend,immigratie.inOnderzoek.vanuitVerblijfplaatsOnbekend
inOnderzoek.vanuitVerblijfplaatsOnbekend,immigratie.inOnderzoek.vanuitVerblijfplaatsOnbekend
immigratie.indicatieVestigingVanuitBuitenland,immigratie.indicatieVestigingVanuitBuitenland
indicatieVestigingVanuitBuitenland,immigratie.indicatieVestigingVanuitBuitenland
immigratie.landVanwaarIngeschreven,immigratie.landVanwaarIngeschreven
landVanwaarIngeschreven,immigratie.landVanwaarIngeschreven
immigratie.landVanwaarIngeschreven.code,immigratie.landVanwaarIngeschreven.code
landVanwaarIngeschreven.code,immigratie.landVanwaarIngeschreven.code
immigratie.landVanwaarIngeschreven.omschrijving,immigratie.landVanwaarIngeschreven.omschrijving
landVanwaarIngeschreven.omschrijving,immigratie.landVanwaarIngeschreven.omschrijving
immigratie.vanuitVerblijfplaatsOnbekend,immigratie.vanuitVerblijfplaatsOnbekend
vanuitVerblijfplaatsOnbekend,immigratie.vanuitVerblijfplaatsOnbekend
inOnderzoek,inOnderzoek
inOnderzoek.datumIngangOnderzoek,inOnderzoek.datumIngangOnderzoek
inOnderzoek.datumIngangOnderzoek.langFormaat,inOnderzoek.datumIngangOnderzoek.langFormaat
inOnderzoek.datumIngangOnderzoek.type,inOnderzoek.datumIngangOnderzoek.type
inOnderzoek.datumIngangOnderzoek.datum,inOnderzoek.datumIngangOnderzoek.datum
inOnderzoek.datumIngangOnderzoek.onbekend,inOnderzoek.datumIngangOnderzoek.onbekend
inOnderzoek.datumIngangOnderzoek.jaar,inOnderzoek.datumIngangOnderzoek.jaar
inOnderzoek.datumIngangOnderzoek.maand,inOnderzoek.datumIngangOnderzoek.maand
inOnderzoek.burgerservicenummer,inOnderzoek.burgerservicenummer
inOnderzoek.datumInschrijvingInGemeente,inOnderzoek.datumInschrijvingInGemeente
inOnderzoek.gemeenteVanInschrijving,inOnderzoek.gemeenteVanInschrijving
inOnderzoek.geslacht,inOnderzoek.geslacht
inOnderzoek.leeftijd,inOnderzoek.leeftijd
inOnderzoek.datumIngangOnderzoek,inOnderzoek.datumIngangOnderzoek
kiesrecht,kiesrecht
kiesrecht.einddatumUitsluitingEuropeesKiesrecht,kiesrecht.einddatumUitsluitingEuropeesKiesrecht
einddatumUitsluitingEuropeesKiesrecht,kiesrecht.einddatumUitsluitingEuropeesKiesrecht
kiesrecht.einddatumUitsluitingEuropeesKiesrecht.langFormaat,kiesrecht.einddatumUitsluitingEuropeesKiesrecht.langFormaat
einddatumUitsluitingEuropeesKiesrecht.langFormaat,kiesrecht.einddatumUitsluitingEuropeesKiesrecht.langFormaat
kiesrecht.einddatumUitsluitingEuropeesKiesrecht.type,kiesrecht.einddatumUitsluitingEuropeesKiesrecht.type
einddatumUitsluitingEuropeesKiesrecht.type,kiesrecht.einddatumUitsluitingEuropeesKiesrecht.type
kiesrecht.einddatumUitsluitingEuropeesKiesrecht.datum,kiesrecht.einddatumUitsluitingEuropeesKiesrecht.datum
einddatumUitsluitingEuropeesKiesrecht.datum,kiesrecht.einddatumUitsluitingEuropeesKiesrecht.datum
kiesrecht.einddatumUitsluitingEuropeesKiesrecht.onbekend,kiesrecht.einddatumUitsluitingEuropeesKiesrecht.onbekend
einddatumUitsluitingEuropeesKiesrecht.onbekend,kiesrecht.einddatumUitsluitingEuropeesKiesrecht.onbekend
kiesrecht.einddatumUitsluitingEuropeesKiesrecht.jaar,kiesrecht.einddatumUitsluitingEuropeesKiesrecht.jaar
einddatumUitsluitingEuropeesKiesrecht.jaar,kiesrecht.einddatumUitsluitingEuropeesKiesrecht.jaar
kiesrecht.einddatumUitsluitingEuropeesKiesrecht.maand,kiesrecht.einddatumUitsluitingEuropeesKiesrecht.maand
einddatumUitsluitingEuropeesKiesrecht.maand,kiesrecht.einddatumUitsluitingEuropeesKiesrecht.maand
kiesrecht.einddatumUitsluitingKiesrecht,kiesrecht.einddatumUitsluitingKiesrecht
einddatumUitsluitingKiesrecht,kiesrecht.einddatumUitsluitingKiesrecht
kiesrecht.einddatumUitsluitingKiesrecht.langFormaat,kiesrecht.einddatumUitsluitingKiesrecht.langFormaat
einddatumUitsluitingKiesrecht.langFormaat,kiesrecht.einddatumUitsluitingKiesrecht.langFormaat
kiesrecht.einddatumUitsluitingKiesrecht.type,kiesrecht.einddatumUitsluitingKiesrecht.type
einddatumUitsluitingKiesrecht.type,kiesrecht.einddatumUitsluitingKiesrecht.type
kiesrecht.einddatumUitsluitingKiesrecht.datum,kiesrecht.einddatumUitsluitingKiesrecht.datum
einddatumUitsluitingKiesrecht.datum,kiesrecht.einddatumUitsluitingKiesrecht.datum
kiesrecht.einddatumUitsluitingKiesrecht.onbekend,kiesrecht.einddatumUitsluitingKiesrecht.onbekend
einddatumUitsluitingKiesrecht.onbekend,kiesrecht.einddatumUitsluitingKiesrecht.onbekend
kiesrecht.einddatumUitsluitingKiesrecht.jaar,kiesrecht.einddatumUitsluitingKiesrecht.jaar
einddatumUitsluitingKiesrecht.jaar,kiesrecht.einddatumUitsluitingKiesrecht.jaar
kiesrecht.einddatumUitsluitingKiesrecht.maand,kiesrecht.einddatumUitsluitingKiesrecht.maand
einddatumUitsluitingKiesrecht.maand,kiesrecht.einddatumUitsluitingKiesrecht.maand
kiesrecht.europeesKiesrecht,kiesrecht.europeesKiesrecht
europeesKiesrecht,kiesrecht.europeesKiesrecht
kiesrecht.uitgeslotenVanKiesrecht,kiesrecht.uitgeslotenVanKiesrecht
uitgeslotenVanKiesrecht,kiesrecht.uitgeslotenVanKiesrecht
kinderen,kinderen
kinderen.type,kinderen.type
kinderen.burgerservicenummer,kinderen.burgerservicenummer
kinderen.geboorte,kinderen.geboorte
kinderen.geboorte.datum,kinderen.geboorte.datum
kinderen.geboorte.datum.langFormaat,kinderen.geboorte.datum.langFormaat
kinderen.geboorte.datum.type,kinderen.geboorte.datum.type
kinderen.geboorte.datum.datum,kinderen.geboorte.datum.datum
kinderen.geboorte.datum.onbekend,kinderen.geboorte.datum.onbekend
kinderen.geboorte.datum.jaar,kinderen.geboorte.datum.jaar
kinderen.geboorte.datum.maand,kinderen.geboorte.datum.maand
kinderen.geboorte.inOnderzoek,kinderen.geboorte.inOnderzoek
kinderen.geboorte.inOnderzoek.datumIngangOnderzoek,kinderen.geboorte.inOnderzoek.datumIngangOnderzoek
kinderen.geboorte.inOnderzoek.datumIngangOnderzoek.langFormaat,kinderen.geboorte.inOnderzoek.datumIngangOnderzoek.langFormaat
kinderen.geboorte.inOnderzoek.datumIngangOnderzoek.type,kinderen.geboorte.inOnderzoek.datumIngangOnderzoek.type
kinderen.geboorte.inOnderzoek.datumIngangOnderzoek.datum,kinderen.geboorte.inOnderzoek.datumIngangOnderzoek.datum
kinderen.geboorte.inOnderzoek.datumIngangOnderzoek.onbekend,kinderen.geboorte.inOnderzoek.datumIngangOnderzoek.onbekend
kinderen.geboorte.inOnderzoek.datumIngangOnderzoek.jaar,kinderen.geboorte.inOnderzoek.datumIngangOnderzoek.jaar
kinderen.geboorte.inOnderzoek.datumIngangOnderzoek.maand,kinderen.geboorte.inOnderzoek.datumIngangOnderzoek.maand
kinderen.geboorte.inOnderzoek.datum,kinderen.geboorte.inOnderzoek.datum
kinderen.geboorte.inOnderzoek.land,kinderen.geboorte.inOnderzoek.land
kinderen.geboorte.inOnderzoek.plaats,kinderen.geboorte.inOnderzoek.plaats
kinderen.geboorte.land,kinderen.geboorte.land
kinderen.geboorte.land.code,kinderen.geboorte.land.code
kinderen.geboorte.land.omschrijving,kinderen.geboorte.land.omschrijving
kinderen.geboorte.plaats,kinderen.geboorte.plaats
kinderen.geboorte.plaats.code,kinderen.geboorte.plaats.code
kinderen.geboorte.plaats.omschrijving,kinderen.geboorte.plaats.omschrijving
kinderen.inOnderzoek,kinderen.inOnderzoek
kinderen.inOnderzoek.datumIngangOnderzoek,kinderen.inOnderzoek.datumIngangOnderzoek
kinderen.inOnderzoek.datumIngangOnderzoek.langFormaat,kinderen.inOnderzoek.datumIngangOnderzoek.langFormaat
kinderen.inOnderzoek.datumIngangOnderzoek.type,kinderen.inOnderzoek.datumIngangOnderzoek.type
kinderen.inOnderzoek.datumIngangOnderzoek.datum,kinderen.inOnderzoek.datumIngangOnderzoek.datum
kinderen.inOnderzoek.datumIngangOnderzoek.onbekend,kinderen.inOnderzoek.datumIngangOnderzoek.onbekend
kinderen.inOnderzoek.datumIngangOnderzoek.jaar,kinderen.inOnderzoek.datumIngangOnderzoek.jaar
kinderen.inOnderzoek.datumIngangOnderzoek.maand,kinderen.inOnderzoek.datumIngangOnderzoek.maand
kinderen.inOnderzoek.burgerservicenummer,kinderen.inOnderzoek.burgerservicenummer
kinderen.naam,kinderen.naam
kinderen.naam.adellijkeTitelPredicaat,kinderen.naam.adellijkeTitelPredicaat
kinderen.naam.adellijkeTitelPredicaat.code,kinderen.naam.adellijkeTitelPredicaat.code
kinderen.naam.adellijkeTitelPredicaat.omschrijving,kinderen.naam.adellijkeTitelPredicaat.omschrijving
kinderen.naam.adellijkeTitelPredicaat.soort,kinderen.naam.adellijkeTitelPredicaat.soort
kinderen.naam.geslachtsnaam,kinderen.naam.geslachtsnaam
kinderen.naam.inOnderzoek,kinderen.naam.inOnderzoek
kinderen.naam.inOnderzoek.datumIngangOnderzoek,kinderen.naam.inOnderzoek.datumIngangOnderzoek
kinderen.naam.inOnderzoek.datumIngangOnderzoek.langFormaat,kinderen.naam.inOnderzoek.datumIngangOnderzoek.langFormaat
kinderen.naam.inOnderzoek.datumIngangOnderzoek.type,kinderen.naam.inOnderzoek.datumIngangOnderzoek.type
kinderen.naam.inOnderzoek.datumIngangOnderzoek.datum,kinderen.naam.inOnderzoek.datumIngangOnderzoek.datum
kinderen.naam.inOnderzoek.datumIngangOnderzoek.onbekend,kinderen.naam.inOnderzoek.datumIngangOnderzoek.onbekend
kinderen.naam.inOnderzoek.datumIngangOnderzoek.jaar,kinderen.naam.inOnderzoek.datumIngangOnderzoek.jaar
kinderen.naam.inOnderzoek.datumIngangOnderzoek.maand,kinderen.naam.inOnderzoek.datumIngangOnderzoek.maand
kinderen.naam.inOnderzoek.adellijkeTitelPredicaat,kinderen.naam.inOnderzoek.adellijkeTitelPredicaat
kinderen.naam.inOnderzoek.geslachtsnaam,kinderen.naam.inOnderzoek.geslachtsnaam
kinderen.naam.inOnderzoek.voorletters,kinderen.naam.inOnderzoek.voorletters
kinderen.naam.inOnderzoek.voornamen,kinderen.naam.inOnderzoek.voornamen
kinderen.naam.inOnderzoek.voorvoegsel,kinderen.naam.inOnderzoek.voorvoegsel
kinderen.naam.voorletters,kinderen.naam.voorletters
kinderen.naam.voornamen,kinderen.naam.voornamen
kinderen.naam.voorvoegsel,kinderen.naam.voorvoegsel
kinderen.indicatieOnbekend,kinderen.indicatieOnbekend
leeftijd,leeftijd
naam,naam
naam.adellijkeTitelPredicaat,naam.adellijkeTitelPredicaat
naam.adellijkeTitelPredicaat.code,naam.adellijkeTitelPredicaat.code
naam.adellijkeTitelPredicaat.omschrijving,naam.adellijkeTitelPredicaat.omschrijving
naam.adellijkeTitelPredicaat.soort,naam.adellijkeTitelPredicaat.soort
naam.geslachtsnaam,naam.geslachtsnaam
naam.volledigeNaam,naam.volledigeNaam
volledigeNaam,naam.volledigeNaam
naam.voorletters,naam.voorletters
naam.voornamen,naam.voornamen
naam.voorvoegsel,naam.voorvoegsel
naam.aanduidingNaamgebruik,naam.aanduidingNaamgebruik
aanduidingNaamgebruik,naam.aanduidingNaamgebruik
naam.aanduidingNaamgebruik.code,naam.aanduidingNaamgebruik.code
aanduidingNaamgebruik.code,naam.aanduidingNaamgebruik.code
naam.aanduidingNaamgebruik.omschrijving,naam.aanduidingNaamgebruik.omschrijving
aanduidingNaamgebruik.omschrijving,naam.aanduidingNaamgebruik.omschrijving
naam.inOnderzoek,naam.inOnderzoek
naam.inOnderzoek.datumIngangOnderzoek,naam.inOnderzoek.datumIngangOnderzoek
naam.inOnderzoek.datumIngangOnderzoek.langFormaat,naam.inOnderzoek.datumIngangOnderzoek.langFormaat
naam.inOnderzoek.datumIngangOnderzoek.type,naam.inOnderzoek.datumIngangOnderzoek.type
naam.inOnderzoek.datumIngangOnderzoek.datum,naam.inOnderzoek.datumIngangOnderzoek.datum
naam.inOnderzoek.datumIngangOnderzoek.onbekend,naam.inOnderzoek.datumIngangOnderzoek.onbekend
naam.inOnderzoek.datumIngangOnderzoek.jaar,naam.inOnderzoek.datumIngangOnderzoek.jaar
naam.inOnderzoek.datumIngangOnderzoek.maand,naam.inOnderzoek.datumIngangOnderzoek.maand
naam.inOnderzoek.adellijkeTitelPredicaat,naam.inOnderzoek.adellijkeTitelPredicaat
naam.inOnderzoek.geslachtsnaam,naam.inOnderzoek.geslachtsnaam
naam.inOnderzoek.voorletters,naam.inOnderzoek.voorletters
naam.inOnderzoek.voornamen,naam.inOnderzoek.voornamen
naam.inOnderzoek.voorvoegsel,naam.inOnderzoek.voorvoegsel
naam.inOnderzoek.aanduidingNaamgebruik,naam.inOnderzoek.aanduidingNaamgebruik
inOnderzoek.aanduidingNaamgebruik,naam.inOnderzoek.aanduidingNaamgebruik
naam.inOnderzoek.volledigeNaam,naam.inOnderzoek.volledigeNaam
inOnderzoek.volledigeNaam,naam.inOnderzoek.volledigeNaam
nationaliteiten,nationaliteiten
nationaliteiten.redenOpname,nationaliteiten.redenOpname
redenOpname,nationaliteiten.redenOpname
nationaliteiten.redenOpname.code,nationaliteiten.redenOpname.code
redenOpname.code,nationaliteiten.redenOpname.code
nationaliteiten.redenOpname.omschrijving,nationaliteiten.redenOpname.omschrijving
redenOpname.omschrijving,nationaliteiten.redenOpname.omschrijving
nationaliteiten.type,nationaliteiten.type
nationaliteiten.datumIngangGeldigheid,nationaliteiten.datumIngangGeldigheid
nationaliteiten.datumIngangGeldigheid.langFormaat,nationaliteiten.datumIngangGeldigheid.langFormaat
nationaliteiten.datumIngangGeldigheid.type,nationaliteiten.datumIngangGeldigheid.type
nationaliteiten.datumIngangGeldigheid.datum,nationaliteiten.datumIngangGeldigheid.datum
nationaliteiten.datumIngangGeldigheid.onbekend,nationaliteiten.datumIngangGeldigheid.onbekend
nationaliteiten.datumIngangGeldigheid.jaar,nationaliteiten.datumIngangGeldigheid.jaar
nationaliteiten.datumIngangGeldigheid.maand,nationaliteiten.datumIngangGeldigheid.maand
nationaliteiten.inOnderzoek,nationaliteiten.inOnderzoek
nationaliteiten.inOnderzoek.datumIngangOnderzoek,nationaliteiten.inOnderzoek.datumIngangOnderzoek
nationaliteiten.inOnderzoek.datumIngangOnderzoek.langFormaat,nationaliteiten.inOnderzoek.datumIngangOnderzoek.langFormaat
nationaliteiten.inOnderzoek.datumIngangOnderzoek.type,nationaliteiten.inOnderzoek.datumIngangOnderzoek.type
nationaliteiten.inOnderzoek.datumIngangOnderzoek.datum,nationaliteiten.inOnderzoek.datumIngangOnderzoek.datum
nationaliteiten.inOnderzoek.datumIngangOnderzoek.onbekend,nationaliteiten.inOnderzoek.datumIngangOnderzoek.onbekend
nationaliteiten.inOnderzoek.datumIngangOnderzoek.jaar,nationaliteiten.inOnderzoek.datumIngangOnderzoek.jaar
nationaliteiten.inOnderzoek.datumIngangOnderzoek.maand,nationaliteiten.inOnderzoek.datumIngangOnderzoek.maand
nationaliteiten.inOnderzoek.nationaliteit,nationaliteiten.inOnderzoek.nationaliteit
inOnderzoek.nationaliteit,nationaliteiten.inOnderzoek.nationaliteit
nationaliteiten.inOnderzoek.redenOpname,nationaliteiten.inOnderzoek.redenOpname
inOnderzoek.redenOpname,nationaliteiten.inOnderzoek.redenOpname
nationaliteiten.inOnderzoek.type,nationaliteiten.inOnderzoek.type
nationaliteiten.nationaliteit,nationaliteiten.nationaliteit
nationaliteit,nationaliteiten.nationaliteit
nationaliteiten.nationaliteit.code,nationaliteiten.nationaliteit.code
nationaliteit.code,nationaliteiten.nationaliteit.code
nationaliteiten.nationaliteit.omschrijving,nationaliteiten.nationaliteit.omschrijving
nationaliteit.omschrijving,nationaliteiten.nationaliteit.omschrijving
opschortingBijhouding,opschortingBijhouding
opschortingBijhouding.reden,opschortingBijhouding.reden
reden,opschortingBijhouding.reden
opschortingBijhouding.reden.code,opschortingBijhouding.reden.code
reden.code,opschortingBijhouding.reden.code
opschortingBijhouding.reden.omschrijving,opschortingBijhouding.reden.omschrijving
reden.omschrijving,opschortingBijhouding.reden.omschrijving
opschortingBijhouding.datum,opschortingBijhouding.datum
opschortingBijhouding.datum.langFormaat,opschortingBijhouding.datum.langFormaat
opschortingBijhouding.datum.type,opschortingBijhouding.datum.type
opschortingBijhouding.datum.datum,opschortingBijhouding.datum.datum
opschortingBijhouding.datum.onbekend,opschortingBijhouding.datum.onbekend
opschortingBijhouding.datum.jaar,opschortingBijhouding.datum.jaar
opschortingBijhouding.datum.maand,opschortingBijhouding.datum.maand
ouders,ouders
ouders.type,ouders.type
ouders.burgerservicenummer,ouders.burgerservicenummer
ouders.datumIngangFamilierechtelijkeBetrekking,ouders.datumIngangFamilierechtelijkeBetrekking
datumIngangFamilierechtelijkeBetrekking,ouders.datumIngangFamilierechtelijkeBetrekking
ouders.datumIngangFamilierechtelijkeBetrekking.langFormaat,ouders.datumIngangFamilierechtelijkeBetrekking.langFormaat
datumIngangFamilierechtelijkeBetrekking.langFormaat,ouders.datumIngangFamilierechtelijkeBetrekking.langFormaat
ouders.datumIngangFamilierechtelijkeBetrekking.type,ouders.datumIngangFamilierechtelijkeBetrekking.type
datumIngangFamilierechtelijkeBetrekking.type,ouders.datumIngangFamilierechtelijkeBetrekking.type
ouders.datumIngangFamilierechtelijkeBetrekking.datum,ouders.datumIngangFamilierechtelijkeBetrekking.datum
datumIngangFamilierechtelijkeBetrekking.datum,ouders.datumIngangFamilierechtelijkeBetrekking.datum
ouders.datumIngangFamilierechtelijkeBetrekking.onbekend,ouders.datumIngangFamilierechtelijkeBetrekking.onbekend
datumIngangFamilierechtelijkeBetrekking.onbekend,ouders.datumIngangFamilierechtelijkeBetrekking.onbekend
ouders.datumIngangFamilierechtelijkeBetrekking.jaar,ouders.datumIngangFamilierechtelijkeBetrekking.jaar
datumIngangFamilierechtelijkeBetrekking.jaar,ouders.datumIngangFamilierechtelijkeBetrekking.jaar
ouders.datumIngangFamilierechtelijkeBetrekking.maand,ouders.datumIngangFamilierechtelijkeBetrekking.maand
datumIngangFamilierechtelijkeBetrekking.maand,ouders.datumIngangFamilierechtelijkeBetrekking.maand
ouders.geboorte,ouders.geboorte
ouders.geboorte.datum,ouders.geboorte.datum
ouders.geboorte.datum.langFormaat,ouders.geboorte.datum.langFormaat
ouders.geboorte.datum.type,ouders.geboorte.datum.type
ouders.geboorte.datum.datum,ouders.geboorte.datum.datum
ouders.geboorte.datum.onbekend,ouders.geboorte.datum.onbekend
ouders.geboorte.datum.jaar,ouders.geboorte.datum.jaar
ouders.geboorte.datum.maand,ouders.geboorte.datum.maand
ouders.geboorte.inOnderzoek,ouders.geboorte.inOnderzoek
ouders.geboorte.inOnderzoek.datumIngangOnderzoek,ouders.geboorte.inOnderzoek.datumIngangOnderzoek
ouders.geboorte.inOnderzoek.datumIngangOnderzoek.langFormaat,ouders.geboorte.inOnderzoek.datumIngangOnderzoek.langFormaat
ouders.geboorte.inOnderzoek.datumIngangOnderzoek.type,ouders.geboorte.inOnderzoek.datumIngangOnderzoek.type
ouders.geboorte.inOnderzoek.datumIngangOnderzoek.datum,ouders.geboorte.inOnderzoek.datumIngangOnderzoek.datum
ouders.geboorte.inOnderzoek.datumIngangOnderzoek.onbekend,ouders.geboorte.inOnderzoek.datumIngangOnderzoek.onbekend
ouders.geboorte.inOnderzoek.datumIngangOnderzoek.jaar,ouders.geboorte.inOnderzoek.datumIngangOnderzoek.jaar
ouders.geboorte.inOnderzoek.datumIngangOnderzoek.maand,ouders.geboorte.inOnderzoek.datumIngangOnderzoek.maand
ouders.geboorte.inOnderzoek.datum,ouders.geboorte.inOnderzoek.datum
ouders.geboorte.inOnderzoek.land,ouders.geboorte.inOnderzoek.land
ouders.geboorte.inOnderzoek.plaats,ouders.geboorte.inOnderzoek.plaats
ouders.geboorte.land,ouders.geboorte.land
ouders.geboorte.land.code,ouders.geboorte.land.code
ouders.geboorte.land.omschrijving,ouders.geboorte.land.omschrijving
ouders.geboorte.plaats,ouders.geboorte.plaats
ouders.geboorte.plaats.code,ouders.geboorte.plaats.code
ouders.geboorte.plaats.omschrijving,ouders.geboorte.plaats.omschrijving
ouders.geslacht,ouders.geslacht
ouders.geslacht.code,ouders.geslacht.code
ouders.geslacht.omschrijving,ouders.geslacht.omschrijving
ouders.inOnderzoek,ouders.inOnderzoek
ouders.inOnderzoek.datumIngangOnderzoek,ouders.inOnderzoek.datumIngangOnderzoek
ouders.inOnderzoek.datumIngangOnderzoek.langFormaat,ouders.inOnderzoek.datumIngangOnderzoek.langFormaat
ouders.inOnderzoek.datumIngangOnderzoek.type,ouders.inOnderzoek.datumIngangOnderzoek.type
ouders.inOnderzoek.datumIngangOnderzoek.datum,ouders.inOnderzoek.datumIngangOnderzoek.datum
ouders.inOnderzoek.datumIngangOnderzoek.onbekend,ouders.inOnderzoek.datumIngangOnderzoek.onbekend
ouders.inOnderzoek.datumIngangOnderzoek.jaar,ouders.inOnderzoek.datumIngangOnderzoek.jaar
ouders.inOnderzoek.datumIngangOnderzoek.maand,ouders.inOnderzoek.datumIngangOnderzoek.maand
ouders.inOnderzoek.burgerservicenummer,ouders.inOnderzoek.burgerservicenummer
ouders.inOnderzoek.datumIngangFamilierechtelijkeBetrekking,ouders.inOnderzoek.datumIngangFamilierechtelijkeBetrekking
inOnderzoek.datumIngangFamilierechtelijkeBetrekking,ouders.inOnderzoek.datumIngangFamilierechtelijkeBetrekking
ouders.inOnderzoek.geslacht,ouders.inOnderzoek.geslacht
ouders.naam,ouders.naam
ouders.naam.adellijkeTitelPredicaat,ouders.naam.adellijkeTitelPredicaat
ouders.naam.adellijkeTitelPredicaat.code,ouders.naam.adellijkeTitelPredicaat.code
ouders.naam.adellijkeTitelPredicaat.omschrijving,ouders.naam.adellijkeTitelPredicaat.omschrijving
ouders.naam.adellijkeTitelPredicaat.soort,ouders.naam.adellijkeTitelPredicaat.soort
ouders.naam.geslachtsnaam,ouders.naam.geslachtsnaam
ouders.naam.inOnderzoek,ouders.naam.inOnderzoek
ouders.naam.inOnderzoek.datumIngangOnderzoek,ouders.naam.inOnderzoek.datumIngangOnderzoek
ouders.naam.inOnderzoek.datumIngangOnderzoek.langFormaat,ouders.naam.inOnderzoek.datumIngangOnderzoek.langFormaat
ouders.naam.inOnderzoek.datumIngangOnderzoek.type,ouders.naam.inOnderzoek.datumIngangOnderzoek.type
ouders.naam.inOnderzoek.datumIngangOnderzoek.datum,ouders.naam.inOnderzoek.datumIngangOnderzoek.datum
ouders.naam.inOnderzoek.datumIngangOnderzoek.onbekend,ouders.naam.inOnderzoek.datumIngangOnderzoek.onbekend
ouders.naam.inOnderzoek.datumIngangOnderzoek.jaar,ouders.naam.inOnderzoek.datumIngangOnderzoek.jaar
ouders.naam.inOnderzoek.datumIngangOnderzoek.maand,ouders.naam.inOnderzoek.datumIngangOnderzoek.maand
ouders.naam.inOnderzoek.adellijkeTitelPredicaat,ouders.naam.inOnderzoek.adellijkeTitelPredicaat
ouders.naam.inOnderzoek.geslachtsnaam,ouders.naam.inOnderzoek.geslachtsnaam
ouders.naam.inOnderzoek.voorletters,ouders.naam.inOnderzoek.voorletters
ouders.naam.inOnderzoek.voornamen,ouders.naam.inOnderzoek.voornamen
ouders.naam.inOnderzoek.voorvoegsel,ouders.naam.inOnderzoek.voorvoegsel
ouders.naam.voorletters,ouders.naam.voorletters
ouders.naam.voornamen,ouders.naam.voornamen
ouders.naam.voorvoegsel,ouders.naam.voorvoegsel
ouders.ouderAanduiding,ouders.ouderAanduiding
ouderAanduiding,ouders.ouderAanduiding
ouders.indicatieOnbekend,ouders.indicatieOnbekend
overlijden,overlijden
overlijden.indicatieOverleden,overlijden.indicatieOverleden
indicatieOverleden,overlijden.indicatieOverleden
overlijden.datum,overlijden.datum
overlijden.datum.langFormaat,overlijden.datum.langFormaat
overlijden.datum.type,overlijden.datum.type
overlijden.datum.datum,overlijden.datum.datum
overlijden.datum.onbekend,overlijden.datum.onbekend
overlijden.datum.jaar,overlijden.datum.jaar
overlijden.datum.maand,overlijden.datum.maand
overlijden.inOnderzoek,overlijden.inOnderzoek
overlijden.inOnderzoek.datumIngangOnderzoek,overlijden.inOnderzoek.datumIngangOnderzoek
overlijden.inOnderzoek.datumIngangOnderzoek.langFormaat,overlijden.inOnderzoek.datumIngangOnderzoek.langFormaat
overlijden.inOnderzoek.datumIngangOnderzoek.type,overlijden.inOnderzoek.datumIngangOnderzoek.type
overlijden.inOnderzoek.datumIngangOnderzoek.datum,overlijden.inOnderzoek.datumIngangOnderzoek.datum
overlijden.inOnderzoek.datumIngangOnderzoek.onbekend,overlijden.inOnderzoek.datumIngangOnderzoek.onbekend
overlijden.inOnderzoek.datumIngangOnderzoek.jaar,overlijden.inOnderzoek.datumIngangOnderzoek.jaar
overlijden.inOnderzoek.datumIngangOnderzoek.maand,overlijden.inOnderzoek.datumIngangOnderzoek.maand
overlijden.inOnderzoek.datum,overlijden.inOnderzoek.datum
overlijden.inOnderzoek.indicatieOverleden,overlijden.inOnderzoek.indicatieOverleden
inOnderzoek.indicatieOverleden,overlijden.inOnderzoek.indicatieOverleden
overlijden.inOnderzoek.land,overlijden.inOnderzoek.land
overlijden.inOnderzoek.plaats,overlijden.inOnderzoek.plaats
overlijden.land,overlijden.land
overlijden.land.code,overlijden.land.code
overlijden.land.omschrijving,overlijden.land.omschrijving
overlijden.plaats,overlijden.plaats
overlijden.plaats.code,overlijden.plaats.code
overlijden.plaats.omschrijving,overlijden.plaats.omschrijving
partners,partners
partners.type,partners.type
partners.aangaanHuwelijkPartnerschap,partners.aangaanHuwelijkPartnerschap
aangaanHuwelijkPartnerschap,partners.aangaanHuwelijkPartnerschap
partners.aangaanHuwelijkPartnerschap.datum,partners.aangaanHuwelijkPartnerschap.datum
aangaanHuwelijkPartnerschap.datum,partners.aangaanHuwelijkPartnerschap.datum
partners.aangaanHuwelijkPartnerschap.datum.langFormaat,partners.aangaanHuwelijkPartnerschap.datum.langFormaat
aangaanHuwelijkPartnerschap.datum.langFormaat,partners.aangaanHuwelijkPartnerschap.datum.langFormaat
partners.aangaanHuwelijkPartnerschap.datum.type,partners.aangaanHuwelijkPartnerschap.datum.type
aangaanHuwelijkPartnerschap.datum.type,partners.aangaanHuwelijkPartnerschap.datum.type
partners.aangaanHuwelijkPartnerschap.datum.datum,partners.aangaanHuwelijkPartnerschap.datum.datum
aangaanHuwelijkPartnerschap.datum.datum,partners.aangaanHuwelijkPartnerschap.datum.datum
partners.aangaanHuwelijkPartnerschap.datum.onbekend,partners.aangaanHuwelijkPartnerschap.datum.onbekend
aangaanHuwelijkPartnerschap.datum.onbekend,partners.aangaanHuwelijkPartnerschap.datum.onbekend
partners.aangaanHuwelijkPartnerschap.datum.jaar,partners.aangaanHuwelijkPartnerschap.datum.jaar
aangaanHuwelijkPartnerschap.datum.jaar,partners.aangaanHuwelijkPartnerschap.datum.jaar
partners.aangaanHuwelijkPartnerschap.datum.maand,partners.aangaanHuwelijkPartnerschap.datum.maand
aangaanHuwelijkPartnerschap.datum.maand,partners.aangaanHuwelijkPartnerschap.datum.maand
partners.aangaanHuwelijkPartnerschap.inOnderzoek,partners.aangaanHuwelijkPartnerschap.inOnderzoek
aangaanHuwelijkPartnerschap.inOnderzoek,partners.aangaanHuwelijkPartnerschap.inOnderzoek
partners.aangaanHuwelijkPartnerschap.inOnderzoek.datumIngangOnderzoek,partners.aangaanHuwelijkPartnerschap.inOnderzoek.datumIngangOnderzoek
aangaanHuwelijkPartnerschap.inOnderzoek.datumIngangOnderzoek,partners.aangaanHuwelijkPartnerschap.inOnderzoek.datumIngangOnderzoek
partners.aangaanHuwelijkPartnerschap.inOnderzoek.datumIngangOnderzoek.langFormaat,partners.aangaanHuwelijkPartnerschap.inOnderzoek.datumIngangOnderzoek.langFormaat
aangaanHuwelijkPartnerschap.inOnderzoek.datumIngangOnderzoek.langFormaat,partners.aangaanHuwelijkPartnerschap.inOnderzoek.datumIngangOnderzoek.langFormaat
partners.aangaanHuwelijkPartnerschap.inOnderzoek.datumIngangOnderzoek.type,partners.aangaanHuwelijkPartnerschap.inOnderzoek.datumIngangOnderzoek.type
aangaanHuwelijkPartnerschap.inOnderzoek.datumIngangOnderzoek.type,partners.aangaanHuwelijkPartnerschap.inOnderzoek.datumIngangOnderzoek.type
partners.aangaanHuwelijkPartnerschap.inOnderzoek.datumIngangOnderzoek.datum,partners.aangaanHuwelijkPartnerschap.inOnderzoek.datumIngangOnderzoek.datum
aangaanHuwelijkPartnerschap.inOnderzoek.datumIngangOnderzoek.datum,partners.aangaanHuwelijkPartnerschap.inOnderzoek.datumIngangOnderzoek.datum
partners.aangaanHuwelijkPartnerschap.inOnderzoek.datumIngangOnderzoek.onbekend,partners.aangaanHuwelijkPartnerschap.inOnderzoek.datumIngangOnderzoek.onbekend
aangaanHuwelijkPartnerschap.inOnderzoek.datumIngangOnderzoek.onbekend,partners.aangaanHuwelijkPartnerschap.inOnderzoek.datumIngangOnderzoek.onbekend
partners.aangaanHuwelijkPartnerschap.inOnderzoek.datumIngangOnderzoek.jaar,partners.aangaanHuwelijkPartnerschap.inOnderzoek.datumIngangOnderzoek.jaar
aangaanHuwelijkPartnerschap.inOnderzoek.datumIngangOnderzoek.jaar,partners.aangaanHuwelijkPartnerschap.inOnderzoek.datumIngangOnderzoek.jaar
partners.aangaanHuwelijkPartnerschap.inOnderzoek.datumIngangOnderzoek.maand,partners.aangaanHuwelijkPartnerschap.inOnderzoek.datumIngangOnderzoek.maand
aangaanHuwelijkPartnerschap.inOnderzoek.datumIngangOnderzoek.maand,partners.aangaanHuwelijkPartnerschap.inOnderzoek.datumIngangOnderzoek.maand
partners.aangaanHuwelijkPartnerschap.inOnderzoek.datum,partners.aangaanHuwelijkPartnerschap.inOnderzoek.datum
aangaanHuwelijkPartnerschap.inOnderzoek.datum,partners.aangaanHuwelijkPartnerschap.inOnderzoek.datum
partners.aangaanHuwelijkPartnerschap.inOnderzoek.land,partners.aangaanHuwelijkPartnerschap.inOnderzoek.land
aangaanHuwelijkPartnerschap.inOnderzoek.land,partners.aangaanHuwelijkPartnerschap.inOnderzoek.land
partners.aangaanHuwelijkPartnerschap.inOnderzoek.plaats,partners.aangaanHuwelijkPartnerschap.inOnderzoek.plaats
aangaanHuwelijkPartnerschap.inOnderzoek.plaats,partners.aangaanHuwelijkPartnerschap.inOnderzoek.plaats
partners.aangaanHuwelijkPartnerschap.land,partners.aangaanHuwelijkPartnerschap.land
aangaanHuwelijkPartnerschap.land,partners.aangaanHuwelijkPartnerschap.land
partners.aangaanHuwelijkPartnerschap.land.code,partners.aangaanHuwelijkPartnerschap.land.code
aangaanHuwelijkPartnerschap.land.code,partners.aangaanHuwelijkPartnerschap.land.code
partners.aangaanHuwelijkPartnerschap.land.omschrijving,partners.aangaanHuwelijkPartnerschap.land.omschrijving
aangaanHuwelijkPartnerschap.land.omschrijving,partners.aangaanHuwelijkPartnerschap.land.omschrijving
partners.aangaanHuwelijkPartnerschap.plaats,partners.aangaanHuwelijkPartnerschap.plaats
aangaanHuwelijkPartnerschap.plaats,partners.aangaanHuwelijkPartnerschap.plaats
partners.aangaanHuwelijkPartnerschap.plaats.code,partners.aangaanHuwelijkPartnerschap.plaats.code
aangaanHuwelijkPartnerschap.plaats.code,partners.aangaanHuwelijkPartnerschap.plaats.code
partners.aangaanHuwelijkPartnerschap.plaats.omschrijving,partners.aangaanHuwelijkPartnerschap.plaats.omschrijving
aangaanHuwelijkPartnerschap.plaats.omschrijving,partners.aangaanHuwelijkPartnerschap.plaats.omschrijving
partners.burgerservicenummer,partners.burgerservicenummer
partners.geboorte,partners.geboorte
partners.geboorte.datum,partners.geboorte.datum
partners.geboorte.datum.langFormaat,partners.geboorte.datum.langFormaat
partners.geboorte.datum.type,partners.geboorte.datum.type
partners.geboorte.datum.datum,partners.geboorte.datum.datum
partners.geboorte.datum.onbekend,partners.geboorte.datum.onbekend
partners.geboorte.datum.jaar,partners.geboorte.datum.jaar
partners.geboorte.datum.maand,partners.geboorte.datum.maand
partners.geboorte.inOnderzoek,partners.geboorte.inOnderzoek
partners.geboorte.inOnderzoek.datumIngangOnderzoek,partners.geboorte.inOnderzoek.datumIngangOnderzoek
partners.geboorte.inOnderzoek.datumIngangOnderzoek.langFormaat,partners.geboorte.inOnderzoek.datumIngangOnderzoek.langFormaat
partners.geboorte.inOnderzoek.datumIngangOnderzoek.type,partners.geboorte.inOnderzoek.datumIngangOnderzoek.type
partners.geboorte.inOnderzoek.datumIngangOnderzoek.datum,partners.geboorte.inOnderzoek.datumIngangOnderzoek.datum
partners.geboorte.inOnderzoek.datumIngangOnderzoek.onbekend,partners.geboorte.inOnderzoek.datumIngangOnderzoek.onbekend
partners.geboorte.inOnderzoek.datumIngangOnderzoek.jaar,partners.geboorte.inOnderzoek.datumIngangOnderzoek.jaar
partners.geboorte.inOnderzoek.datumIngangOnderzoek.maand,partners.geboorte.inOnderzoek.datumIngangOnderzoek.maand
partners.geboorte.inOnderzoek.datum,partners.geboorte.inOnderzoek.datum
partners.geboorte.inOnderzoek.land,partners.geboorte.inOnderzoek.land
partners.geboorte.inOnderzoek.plaats,partners.geboorte.inOnderzoek.plaats
partners.geboorte.land,partners.geboorte.land
partners.geboorte.land.code,partners.geboorte.land.code
partners.geboorte.land.omschrijving,partners.geboorte.land.omschrijving
partners.geboorte.plaats,partners.geboorte.plaats
partners.geboorte.plaats.code,partners.geboorte.plaats.code
partners.geboorte.plaats.omschrijving,partners.geboorte.plaats.omschrijving
partners.geslacht,partners.geslacht
partners.geslacht.code,partners.geslacht.code
partners.geslacht.omschrijving,partners.geslacht.omschrijving
partners.inOnderzoek,partners.inOnderzoek
partners.inOnderzoek.datumIngangOnderzoek,partners.inOnderzoek.datumIngangOnderzoek
partners.inOnderzoek.datumIngangOnderzoek.langFormaat,partners.inOnderzoek.datumIngangOnderzoek.langFormaat
partners.inOnderzoek.datumIngangOnderzoek.type,partners.inOnderzoek.datumIngangOnderzoek.type
partners.inOnderzoek.datumIngangOnderzoek.datum,partners.inOnderzoek.datumIngangOnderzoek.datum
partners.inOnderzoek.datumIngangOnderzoek.onbekend,partners.inOnderzoek.datumIngangOnderzoek.onbekend
partners.inOnderzoek.datumIngangOnderzoek.jaar,partners.inOnderzoek.datumIngangOnderzoek.jaar
partners.inOnderzoek.datumIngangOnderzoek.maand,partners.inOnderzoek.datumIngangOnderzoek.maand
partners.inOnderzoek.burgerservicenummer,partners.inOnderzoek.burgerservicenummer
partners.inOnderzoek.geslacht,partners.inOnderzoek.geslacht
partners.inOnderzoek.soortVerbintenis,partners.inOnderzoek.soortVerbintenis
inOnderzoek.soortVerbintenis,partners.inOnderzoek.soortVerbintenis
partners.naam,partners.naam
partners.naam.adellijkeTitelPredicaat,partners.naam.adellijkeTitelPredicaat
partners.naam.adellijkeTitelPredicaat.code,partners.naam.adellijkeTitelPredicaat.code
partners.naam.adellijkeTitelPredicaat.omschrijving,partners.naam.adellijkeTitelPredicaat.omschrijving
partners.naam.adellijkeTitelPredicaat.soort,partners.naam.adellijkeTitelPredicaat.soort
partners.naam.geslachtsnaam,partners.naam.geslachtsnaam
partners.naam.inOnderzoek,partners.naam.inOnderzoek
partners.naam.inOnderzoek.datumIngangOnderzoek,partners.naam.inOnderzoek.datumIngangOnderzoek
partners.naam.inOnderzoek.datumIngangOnderzoek.langFormaat,partners.naam.inOnderzoek.datumIngangOnderzoek.langFormaat
partners.naam.inOnderzoek.datumIngangOnderzoek.type,partners.naam.inOnderzoek.datumIngangOnderzoek.type
partners.naam.inOnderzoek.datumIngangOnderzoek.datum,partners.naam.inOnderzoek.datumIngangOnderzoek.datum
partners.naam.inOnderzoek.datumIngangOnderzoek.onbekend,partners.naam.inOnderzoek.datumIngangOnderzoek.onbekend
partners.naam.inOnderzoek.datumIngangOnderzoek.jaar,partners.naam.inOnderzoek.datumIngangOnderzoek.jaar
partners.naam.inOnderzoek.datumIngangOnderzoek.maand,partners.naam.inOnderzoek.datumIngangOnderzoek.maand
partners.naam.inOnderzoek.adellijkeTitelPredicaat,partners.naam.inOnderzoek.adellijkeTitelPredicaat
partners.naam.inOnderzoek.geslachtsnaam,partners.naam.inOnderzoek.geslachtsnaam
partners.naam.inOnderzoek.voorletters,partners.naam.inOnderzoek.voorletters
partners.naam.inOnderzoek.voornamen,partners.naam.inOnderzoek.voornamen
partners.naam.inOnderzoek.voorvoegsel,partners.naam.inOnderzoek.voorvoegsel
partners.naam.voorletters,partners.naam.voorletters
partners.naam.voornamen,partners.naam.voornamen
partners.naam.voorvoegsel,partners.naam.voorvoegsel
partners.ontbindingHuwelijkPartnerschap,partners.ontbindingHuwelijkPartnerschap
ontbindingHuwelijkPartnerschap,partners.ontbindingHuwelijkPartnerschap
partners.ontbindingHuwelijkPartnerschap.datum,partners.ontbindingHuwelijkPartnerschap.datum
ontbindingHuwelijkPartnerschap.datum,partners.ontbindingHuwelijkPartnerschap.datum
partners.ontbindingHuwelijkPartnerschap.datum.langFormaat,partners.ontbindingHuwelijkPartnerschap.datum.langFormaat
ontbindingHuwelijkPartnerschap.datum.langFormaat,partners.ontbindingHuwelijkPartnerschap.datum.langFormaat
partners.ontbindingHuwelijkPartnerschap.datum.type,partners.ontbindingHuwelijkPartnerschap.datum.type
ontbindingHuwelijkPartnerschap.datum.type,partners.ontbindingHuwelijkPartnerschap.datum.type
partners.ontbindingHuwelijkPartnerschap.datum.datum,partners.ontbindingHuwelijkPartnerschap.datum.datum
ontbindingHuwelijkPartnerschap.datum.datum,partners.ontbindingHuwelijkPartnerschap.datum.datum
partners.ontbindingHuwelijkPartnerschap.datum.onbekend,partners.ontbindingHuwelijkPartnerschap.datum.onbekend
ontbindingHuwelijkPartnerschap.datum.onbekend,partners.ontbindingHuwelijkPartnerschap.datum.onbekend
partners.ontbindingHuwelijkPartnerschap.datum.jaar,partners.ontbindingHuwelijkPartnerschap.datum.jaar
ontbindingHuwelijkPartnerschap.datum.jaar,partners.ontbindingHuwelijkPartnerschap.datum.jaar
partners.ontbindingHuwelijkPartnerschap.datum.maand,partners.ontbindingHuwelijkPartnerschap.datum.maand
ontbindingHuwelijkPartnerschap.datum.maand,partners.ontbindingHuwelijkPartnerschap.datum.maand
partners.ontbindingHuwelijkPartnerschap.inOnderzoek,partners.ontbindingHuwelijkPartnerschap.inOnderzoek
ontbindingHuwelijkPartnerschap.inOnderzoek,partners.ontbindingHuwelijkPartnerschap.inOnderzoek
partners.ontbindingHuwelijkPartnerschap.inOnderzoek.datumIngangOnderzoek,partners.ontbindingHuwelijkPartnerschap.inOnderzoek.datumIngangOnderzoek
ontbindingHuwelijkPartnerschap.inOnderzoek.datumIngangOnderzoek,partners.ontbindingHuwelijkPartnerschap.inOnderzoek.datumIngangOnderzoek
partners.ontbindingHuwelijkPartnerschap.inOnderzoek.datumIngangOnderzoek.langFormaat,partners.ontbindingHuwelijkPartnerschap.inOnderzoek.datumIngangOnderzoek.langFormaat
ontbindingHuwelijkPartnerschap.inOnderzoek.datumIngangOnderzoek.langFormaat,partners.ontbindingHuwelijkPartnerschap.inOnderzoek.datumIngangOnderzoek.langFormaat
partners.ontbindingHuwelijkPartnerschap.inOnderzoek.datumIngangOnderzoek.type,partners.ontbindingHuwelijkPartnerschap.inOnderzoek.datumIngangOnderzoek.type
ontbindingHuwelijkPartnerschap.inOnderzoek.datumIngangOnderzoek.type,partners.ontbindingHuwelijkPartnerschap.inOnderzoek.datumIngangOnderzoek.type
partners.ontbindingHuwelijkPartnerschap.inOnderzoek.datumIngangOnderzoek.datum,partners.ontbindingHuwelijkPartnerschap.inOnderzoek.datumIngangOnderzoek.datum
ontbindingHuwelijkPartnerschap.inOnderzoek.datumIngangOnderzoek.datum,partners.ontbindingHuwelijkPartnerschap.inOnderzoek.datumIngangOnderzoek.datum
partners.ontbindingHuwelijkPartnerschap.inOnderzoek.datumIngangOnderzoek.onbekend,partners.ontbindingHuwelijkPartnerschap.inOnderzoek.datumIngangOnderzoek.onbekend
ontbindingHuwelijkPartnerschap.inOnderzoek.datumIngangOnderzoek.onbekend,partners.ontbindingHuwelijkPartnerschap.inOnderzoek.datumIngangOnderzoek.onbekend
partners.ontbindingHuwelijkPartnerschap.inOnderzoek.datumIngangOnderzoek.jaar,partners.ontbindingHuwelijkPartnerschap.inOnderzoek.datumIngangOnderzoek.jaar
ontbindingHuwelijkPartnerschap.inOnderzoek.datumIngangOnderzoek.jaar,partners.ontbindingHuwelijkPartnerschap.inOnderzoek.datumIngangOnderzoek.jaar
partners.ontbindingHuwelijkPartnerschap.inOnderzoek.datumIngangOnderzoek.maand,partners.ontbindingHuwelijkPartnerschap.inOnderzoek.datumIngangOnderzoek.maand
ontbindingHuwelijkPartnerschap.inOnderzoek.datumIngangOnderzoek.maand,partners.ontbindingHuwelijkPartnerschap.inOnderzoek.datumIngangOnderzoek.maand
partners.ontbindingHuwelijkPartnerschap.inOnderzoek.datum,partners.ontbindingHuwelijkPartnerschap.inOnderzoek.datum
ontbindingHuwelijkPartnerschap.inOnderzoek.datum,partners.ontbindingHuwelijkPartnerschap.inOnderzoek.datum
partners.ontbindingHuwelijkPartnerschap.inOnderzoek.indicatieHuwelijkPartnerschapBeeindigd,partners.ontbindingHuwelijkPartnerschap.inOnderzoek.indicatieHuwelijkPartnerschapBeeindigd
ontbindingHuwelijkPartnerschap.inOnderzoek.indicatieHuwelijkPartnerschapBeeindigd,partners.ontbindingHuwelijkPartnerschap.inOnderzoek.indicatieHuwelijkPartnerschapBeeindigd
inOnderzoek.indicatieHuwelijkPartnerschapBeeindigd,partners.ontbindingHuwelijkPartnerschap.inOnderzoek.indicatieHuwelijkPartnerschapBeeindigd
partners.ontbindingHuwelijkPartnerschap.indicatieHuwelijkPartnerschapBeeindigd,partners.ontbindingHuwelijkPartnerschap.indicatieHuwelijkPartnerschapBeeindigd
ontbindingHuwelijkPartnerschap.indicatieHuwelijkPartnerschapBeeindigd,partners.ontbindingHuwelijkPartnerschap.indicatieHuwelijkPartnerschapBeeindigd
indicatieHuwelijkPartnerschapBeeindigd,partners.ontbindingHuwelijkPartnerschap.indicatieHuwelijkPartnerschapBeeindigd
partners.soortVerbintenis,partners.soortVerbintenis
soortVerbintenis,partners.soortVerbintenis
partners.soortVerbintenis.code,partners.soortVerbintenis.code
soortVerbintenis.code,partners.soortVerbintenis.code
partners.soortVerbintenis.omschrijving,partners.soortVerbintenis.omschrijving
soortVerbintenis.omschrijving,partners.soortVerbintenis.omschrijving
partners.indicatieOnbekend,partners.indicatieOnbekend
reisdocumentnummers,reisdocumentnummers
verblijfplaats,verblijfplaats
verblijfplaats.type,verblijfplaats.type
verblijfplaats.datumIngangGeldigheid,verblijfplaats.datumIngangGeldigheid
verblijfplaats.datumIngangGeldigheid.langFormaat,verblijfplaats.datumIngangGeldigheid.langFormaat
verblijfplaats.datumIngangGeldigheid.type,verblijfplaats.datumIngangGeldigheid.type
verblijfplaats.datumIngangGeldigheid.datum,verblijfplaats.datumIngangGeldigheid.datum
verblijfplaats.datumIngangGeldigheid.onbekend,verblijfplaats.datumIngangGeldigheid.onbekend
verblijfplaats.datumIngangGeldigheid.jaar,verblijfplaats.datumIngangGeldigheid.jaar
verblijfplaats.datumIngangGeldigheid.maand,verblijfplaats.datumIngangGeldigheid.maand
verblijfplaats.datumVan,verblijfplaats.datumVan
datumVan,verblijfplaats.datumVan
verblijfplaats.datumVan.langFormaat,verblijfplaats.datumVan.langFormaat
datumVan.langFormaat,verblijfplaats.datumVan.langFormaat
verblijfplaats.datumVan.type,verblijfplaats.datumVan.type
datumVan.type,verblijfplaats.datumVan.type
verblijfplaats.datumVan.datum,verblijfplaats.datumVan.datum
datumVan.datum,verblijfplaats.datumVan.datum
verblijfplaats.datumVan.onbekend,verblijfplaats.datumVan.onbekend
datumVan.onbekend,verblijfplaats.datumVan.onbekend
verblijfplaats.datumVan.jaar,verblijfplaats.datumVan.jaar
datumVan.jaar,verblijfplaats.datumVan.jaar
verblijfplaats.datumVan.maand,verblijfplaats.datumVan.maand
datumVan.maand,verblijfplaats.datumVan.maand
verblijfplaats.inOnderzoek,verblijfplaats.inOnderzoek
verblijfplaats.inOnderzoek.datumIngangOnderzoek,verblijfplaats.inOnderzoek.datumIngangOnderzoek
verblijfplaats.inOnderzoek.datumIngangOnderzoek.langFormaat,verblijfplaats.inOnderzoek.datumIngangOnderzoek.langFormaat
verblijfplaats.inOnderzoek.datumIngangOnderzoek.type,verblijfplaats.inOnderzoek.datumIngangOnderzoek.type
verblijfplaats.inOnderzoek.datumIngangOnderzoek.datum,verblijfplaats.inOnderzoek.datumIngangOnderzoek.datum
verblijfplaats.inOnderzoek.datumIngangOnderzoek.onbekend,verblijfplaats.inOnderzoek.datumIngangOnderzoek.onbekend
verblijfplaats.inOnderzoek.datumIngangOnderzoek.jaar,verblijfplaats.inOnderzoek.datumIngangOnderzoek.jaar
verblijfplaats.inOnderzoek.datumIngangOnderzoek.maand,verblijfplaats.inOnderzoek.datumIngangOnderzoek.maand
verblijfplaats.inOnderzoek.datumIngangGeldigheid,verblijfplaats.inOnderzoek.datumIngangGeldigheid
inOnderzoek.datumIngangGeldigheid,verblijfplaats.inOnderzoek.datumIngangGeldigheid
verblijfplaats.inOnderzoek.datumVan,verblijfplaats.inOnderzoek.datumVan
inOnderzoek.datumVan,verblijfplaats.inOnderzoek.datumVan
verblijfplaats.inOnderzoek.type,verblijfplaats.inOnderzoek.type
verblijfplaats.verblijfadres,verblijfplaats.verblijfadres
verblijfadres,verblijfplaats.verblijfadres
verblijfplaats.verblijfadres.inOnderzoek,verblijfplaats.verblijfadres.inOnderzoek
verblijfadres.inOnderzoek,verblijfplaats.verblijfadres.inOnderzoek
verblijfplaats.verblijfadres.inOnderzoek.datumIngangOnderzoek,verblijfplaats.verblijfadres.inOnderzoek.datumIngangOnderzoek
verblijfadres.inOnderzoek.datumIngangOnderzoek,verblijfplaats.verblijfadres.inOnderzoek.datumIngangOnderzoek
verblijfplaats.verblijfadres.inOnderzoek.datumIngangOnderzoek.langFormaat,verblijfplaats.verblijfadres.inOnderzoek.datumIngangOnderzoek.langFormaat
verblijfadres.inOnderzoek.datumIngangOnderzoek.langFormaat,verblijfplaats.verblijfadres.inOnderzoek.datumIngangOnderzoek.langFormaat
verblijfplaats.verblijfadres.inOnderzoek.datumIngangOnderzoek.type,verblijfplaats.verblijfadres.inOnderzoek.datumIngangOnderzoek.type
verblijfadres.inOnderzoek.datumIngangOnderzoek.type,verblijfplaats.verblijfadres.inOnderzoek.datumIngangOnderzoek.type
verblijfplaats.verblijfadres.inOnderzoek.datumIngangOnderzoek.datum,verblijfplaats.verblijfadres.inOnderzoek.datumIngangOnderzoek.datum
verblijfadres.inOnderzoek.datumIngangOnderzoek.datum,verblijfplaats.verblijfadres.inOnderzoek.datumIngangOnderzoek.datum
verblijfplaats.verblijfadres.inOnderzoek.datumIngangOnderzoek.onbekend,verblijfplaats.verblijfadres.inOnderzoek.datumIngangOnderzoek.onbekend
verblijfadres.inOnderzoek.datumIngangOnderzoek.onbekend,verblijfplaats.verblijfadres.inOnderzoek.datumIngangOnderzoek.onbekend
verblijfplaats.verblijfadres.inOnderzoek.datumIngangOnderzoek.jaar,verblijfplaats.verblijfadres.inOnderzoek.datumIngangOnderzoek.jaar
verblijfadres.inOnderzoek.datumIngangOnderzoek.jaar,verblijfplaats.verblijfadres.inOnderzoek.datumIngangOnderzoek.jaar
verblijfplaats.verblijfadres.inOnderzoek.datumIngangOnderzoek.maand,verblijfplaats.verblijfadres.inOnderzoek.datumIngangOnderzoek.maand
verblijfadres.inOnderzoek.datumIngangOnderzoek.maand,verblijfplaats.verblijfadres.inOnderzoek.datumIngangOnderzoek.maand
verblijfplaats.verblijfadres.inOnderzoek.land,verblijfplaats.verblijfadres.inOnderzoek.land
verblijfadres.inOnderzoek.land,verblijfplaats.verblijfadres.inOnderzoek.land
verblijfplaats.verblijfadres.inOnderzoek.regel1,verblijfplaats.verblijfadres.inOnderzoek.regel1
verblijfadres.inOnderzoek.regel1,verblijfplaats.verblijfadres.inOnderzoek.regel1
inOnderzoek.regel1,verblijfplaats.verblijfadres.inOnderzoek.regel1
verblijfplaats.verblijfadres.inOnderzoek.regel2,verblijfplaats.verblijfadres.inOnderzoek.regel2
verblijfadres.inOnderzoek.regel2,verblijfplaats.verblijfadres.inOnderzoek.regel2
inOnderzoek.regel2,verblijfplaats.verblijfadres.inOnderzoek.regel2
verblijfplaats.verblijfadres.inOnderzoek.regel3,verblijfplaats.verblijfadres.inOnderzoek.regel3
verblijfadres.inOnderzoek.regel3,verblijfplaats.verblijfadres.inOnderzoek.regel3
inOnderzoek.regel3,verblijfplaats.verblijfadres.inOnderzoek.regel3
verblijfplaats.verblijfadres.land,verblijfplaats.verblijfadres.land
verblijfadres.land,verblijfplaats.verblijfadres.land
verblijfplaats.verblijfadres.land.code,verblijfplaats.verblijfadres.land.code
verblijfadres.land.code,verblijfplaats.verblijfadres.land.code
verblijfplaats.verblijfadres.land.omschrijving,verblijfplaats.verblijfadres.land.omschrijving
verblijfadres.land.omschrijving,verblijfplaats.verblijfadres.land.omschrijving
verblijfplaats.verblijfadres.regel1,verblijfplaats.verblijfadres.regel1
verblijfadres.regel1,verblijfplaats.verblijfadres.regel1
regel1,verblijfplaats.verblijfadres.regel1
verblijfplaats.verblijfadres.regel2,verblijfplaats.verblijfadres.regel2
verblijfadres.regel2,verblijfplaats.verblijfadres.regel2
regel2,verblijfplaats.verblijfadres.regel2
verblijfplaats.verblijfadres.regel3,verblijfplaats.verblijfadres.regel3
verblijfadres.regel3,verblijfplaats.verblijfadres.regel3
regel3,verblijfplaats.verblijfadres.regel3
verblijfplaats.adresseerbaarObjectIdentificatie,verblijfplaats.adresseerbaarObjectIdentificatie
adresseerbaarObjectIdentificatie,verblijfplaats.adresseerbaarObjectIdentificatie
verblijfplaats.functieAdres,verblijfplaats.functieAdres
functieAdres,verblijfplaats.functieAdres
verblijfplaats.functieAdres.code,verblijfplaats.functieAdres.code
functieAdres.code,verblijfplaats.functieAdres.code
verblijfplaats.functieAdres.omschrijving,verblijfplaats.functieAdres.omschrijving
functieAdres.omschrijving,verblijfplaats.functieAdres.omschrijving
verblijfplaats.inOnderzoek.adresseerbaarObjectIdentificatie,verblijfplaats.inOnderzoek.adresseerbaarObjectIdentificatie
inOnderzoek.adresseerbaarObjectIdentificatie,verblijfplaats.inOnderzoek.adresseerbaarObjectIdentificatie
verblijfplaats.inOnderzoek.functieAdres,verblijfplaats.inOnderzoek.functieAdres
inOnderzoek.functieAdres,verblijfplaats.inOnderzoek.functieAdres
verblijfplaats.inOnderzoek.nummeraanduidingIdentificatie,verblijfplaats.inOnderzoek.nummeraanduidingIdentificatie
inOnderzoek.nummeraanduidingIdentificatie,verblijfplaats.inOnderzoek.nummeraanduidingIdentificatie
verblijfplaats.nummeraanduidingIdentificatie,verblijfplaats.nummeraanduidingIdentificatie
nummeraanduidingIdentificatie,verblijfplaats.nummeraanduidingIdentificatie
verblijfplaats.verblijfadres.aanduidingBijHuisnummer,verblijfplaats.verblijfadres.aanduidingBijHuisnummer
verblijfadres.aanduidingBijHuisnummer,verblijfplaats.verblijfadres.aanduidingBijHuisnummer
aanduidingBijHuisnummer,verblijfplaats.verblijfadres.aanduidingBijHuisnummer
verblijfplaats.verblijfadres.aanduidingBijHuisnummer.code,verblijfplaats.verblijfadres.aanduidingBijHuisnummer.code
verblijfadres.aanduidingBijHuisnummer.code,verblijfplaats.verblijfadres.aanduidingBijHuisnummer.code
aanduidingBijHuisnummer.code,verblijfplaats.verblijfadres.aanduidingBijHuisnummer.code
verblijfplaats.verblijfadres.aanduidingBijHuisnummer.omschrijving,verblijfplaats.verblijfadres.aanduidingBijHuisnummer.omschrijving
verblijfadres.aanduidingBijHuisnummer.omschrijving,verblijfplaats.verblijfadres.aanduidingBijHuisnummer.omschrijving
aanduidingBijHuisnummer.omschrijving,verblijfplaats.verblijfadres.aanduidingBijHuisnummer.omschrijving
verblijfplaats.verblijfadres.huisletter,verblijfplaats.verblijfadres.huisletter
verblijfadres.huisletter,verblijfplaats.verblijfadres.huisletter
huisletter,verblijfplaats.verblijfadres.huisletter
verblijfplaats.verblijfadres.huisnummer,verblijfplaats.verblijfadres.huisnummer
verblijfadres.huisnummer,verblijfplaats.verblijfadres.huisnummer
huisnummer,verblijfplaats.verblijfadres.huisnummer
verblijfplaats.verblijfadres.huisnummertoevoeging,verblijfplaats.verblijfadres.huisnummertoevoeging
verblijfadres.huisnummertoevoeging,verblijfplaats.verblijfadres.huisnummertoevoeging
huisnummertoevoeging,verblijfplaats.verblijfadres.huisnummertoevoeging
verblijfplaats.verblijfadres.inOnderzoek.aanduidingBijHuisnummer,verblijfplaats.verblijfadres.inOnderzoek.aanduidingBijHuisnummer
verblijfadres.inOnderzoek.aanduidingBijHuisnummer,verblijfplaats.verblijfadres.inOnderzoek.aanduidingBijHuisnummer
inOnderzoek.aanduidingBijHuisnummer,verblijfplaats.verblijfadres.inOnderzoek.aanduidingBijHuisnummer
verblijfplaats.verblijfadres.inOnderzoek.huisletter,verblijfplaats.verblijfadres.inOnderzoek.huisletter
verblijfadres.inOnderzoek.huisletter,verblijfplaats.verblijfadres.inOnderzoek.huisletter
inOnderzoek.huisletter,verblijfplaats.verblijfadres.inOnderzoek.huisletter
verblijfplaats.verblijfadres.inOnderzoek.huisnummer,verblijfplaats.verblijfadres.inOnderzoek.huisnummer
verblijfadres.inOnderzoek.huisnummer,verblijfplaats.verblijfadres.inOnderzoek.huisnummer
inOnderzoek.huisnummer,verblijfplaats.verblijfadres.inOnderzoek.huisnummer
verblijfplaats.verblijfadres.inOnderzoek.huisnummertoevoeging,verblijfplaats.verblijfadres.inOnderzoek.huisnummertoevoeging
verblijfadres.inOnderzoek.huisnummertoevoeging,verblijfplaats.verblijfadres.inOnderzoek.huisnummertoevoeging
inOnderzoek.huisnummertoevoeging,verblijfplaats.verblijfadres.inOnderzoek.huisnummertoevoeging
verblijfplaats.verblijfadres.inOnderzoek.korteNaam,verblijfplaats.verblijfadres.inOnderzoek.korteNaam
verblijfadres.inOnderzoek.korteNaam,verblijfplaats.verblijfadres.inOnderzoek.korteNaam
inOnderzoek.korteNaam,verblijfplaats.verblijfadres.inOnderzoek.korteNaam
verblijfplaats.verblijfadres.inOnderzoek.postcode,verblijfplaats.verblijfadres.inOnderzoek.postcode
verblijfadres.inOnderzoek.postcode,verblijfplaats.verblijfadres.inOnderzoek.postcode
inOnderzoek.postcode,verblijfplaats.verblijfadres.inOnderzoek.postcode
verblijfplaats.verblijfadres.inOnderzoek.straat,verblijfplaats.verblijfadres.inOnderzoek.straat
verblijfadres.inOnderzoek.straat,verblijfplaats.verblijfadres.inOnderzoek.straat
inOnderzoek.straat,verblijfplaats.verblijfadres.inOnderzoek.straat
verblijfplaats.verblijfadres.inOnderzoek.woonplaats,verblijfplaats.verblijfadres.inOnderzoek.woonplaats
verblijfadres.inOnderzoek.woonplaats,verblijfplaats.verblijfadres.inOnderzoek.woonplaats
inOnderzoek.woonplaats,verblijfplaats.verblijfadres.inOnderzoek.woonplaats
verblijfplaats.verblijfadres.korteNaam,verblijfplaats.verblijfadres.korteNaam
verblijfadres.korteNaam,verblijfplaats.verblijfadres.korteNaam
korteNaam,verblijfplaats.verblijfadres.korteNaam
verblijfplaats.verblijfadres.postcode,verblijfplaats.verblijfadres.postcode
verblijfadres.postcode,verblijfplaats.verblijfadres.postcode
postcode,verblijfplaats.verblijfadres.postcode
verblijfplaats.verblijfadres.straat,verblijfplaats.verblijfadres.straat
verblijfadres.straat,verblijfplaats.verblijfadres.straat
straat,verblijfplaats.verblijfadres.straat
verblijfplaats.verblijfadres.woonplaats,verblijfplaats.verblijfadres.woonplaats
verblijfadres.woonplaats,verblijfplaats.verblijfadres.woonplaats
woonplaats,verblijfplaats.verblijfadres.woonplaats
verblijfplaats.verblijfadres.inOnderzoek.locatiebeschrijving,verblijfplaats.verblijfadres.inOnderzoek.locatiebeschrijving
verblijfadres.inOnderzoek.locatiebeschrijving,verblijfplaats.verblijfadres.inOnderzoek.locatiebeschrijving
inOnderzoek.locatiebeschrijving,verblijfplaats.verblijfadres.inOnderzoek.locatiebeschrijving
verblijfplaats.verblijfadres.locatiebeschrijving,verblijfplaats.verblijfadres.locatiebeschrijving
verblijfadres.locatiebeschrijving,verblijfplaats.verblijfadres.locatiebeschrijving
locatiebeschrijving,verblijfplaats.verblijfadres.locatiebeschrijving
verblijfstitel,verblijfstitel
verblijfstitel.aanduiding,verblijfstitel.aanduiding
aanduiding,verblijfstitel.aanduiding
verblijfstitel.aanduiding.code,verblijfstitel.aanduiding.code
aanduiding.code,verblijfstitel.aanduiding.code
verblijfstitel.aanduiding.omschrijving,verblijfstitel.aanduiding.omschrijving
aanduiding.omschrijving,verblijfstitel.aanduiding.omschrijving
verblijfstitel.datumEinde,verblijfstitel.datumEinde
datumEinde,verblijfstitel.datumEinde
verblijfstitel.datumEinde.langFormaat,verblijfstitel.datumEinde.langFormaat
datumEinde.langFormaat,verblijfstitel.datumEinde.langFormaat
verblijfstitel.datumEinde.type,verblijfstitel.datumEinde.type
datumEinde.type,verblijfstitel.datumEinde.type
verblijfstitel.datumEinde.datum,verblijfstitel.datumEinde.datum
datumEinde.datum,verblijfstitel.datumEinde.datum
verblijfstitel.datumEinde.onbekend,verblijfstitel.datumEinde.onbekend
datumEinde.onbekend,verblijfstitel.datumEinde.onbekend
verblijfstitel.datumEinde.jaar,verblijfstitel.datumEinde.jaar
datumEinde.jaar,verblijfstitel.datumEinde.jaar
verblijfstitel.datumEinde.maand,verblijfstitel.datumEinde.maand
datumEinde.maand,verblijfstitel.datumEinde.maand
verblijfstitel.datumIngang,verblijfstitel.datumIngang
datumIngang,verblijfstitel.datumIngang
verblijfstitel.datumIngang.langFormaat,verblijfstitel.datumIngang.langFormaat
datumIngang.langFormaat,verblijfstitel.datumIngang.langFormaat
verblijfstitel.datumIngang.type,verblijfstitel.datumIngang.type
datumIngang.type,verblijfstitel.datumIngang.type
verblijfstitel.datumIngang.datum,verblijfstitel.datumIngang.datum
datumIngang.datum,verblijfstitel.datumIngang.datum
verblijfstitel.datumIngang.onbekend,verblijfstitel.datumIngang.onbekend
datumIngang.onbekend,verblijfstitel.datumIngang.onbekend
verblijfstitel.datumIngang.jaar,verblijfstitel.datumIngang.jaar
datumIngang.jaar,verblijfstitel.datumIngang.jaar
verblijfstitel.datumIngang.maand,verblijfstitel.datumIngang.maand
datumIngang.maand,verblijfstitel.datumIngang.maand
verblijfstitel.inOnderzoek,verblijfstitel.inOnderzoek
verblijfstitel.inOnderzoek.datumIngangOnderzoek,verblijfstitel.inOnderzoek.datumIngangOnderzoek
verblijfstitel.inOnderzoek.datumIngangOnderzoek.langFormaat,verblijfstitel.inOnderzoek.datumIngangOnderzoek.langFormaat
verblijfstitel.inOnderzoek.datumIngangOnderzoek.type,verblijfstitel.inOnderzoek.datumIngangOnderzoek.type
verblijfstitel.inOnderzoek.datumIngangOnderzoek.datum,verblijfstitel.inOnderzoek.datumIngangOnderzoek.datum
verblijfstitel.inOnderzoek.datumIngangOnderzoek.onbekend,verblijfstitel.inOnderzoek.datumIngangOnderzoek.onbekend
verblijfstitel.inOnderzoek.datumIngangOnderzoek.jaar,verblijfstitel.inOnderzoek.datumIngangOnderzoek.jaar
verblijfstitel.inOnderzoek.datumIngangOnderzoek.maand,verblijfstitel.inOnderzoek.datumIngangOnderzoek.maand
verblijfstitel.inOnderzoek.aanduiding,verblijfstitel.inOnderzoek.aanduiding
inOnderzoek.aanduiding,verblijfstitel.inOnderzoek.aanduiding
verblijfstitel.inOnderzoek.datumEinde,verblijfstitel.inOnderzoek.datumEinde
inOnderzoek.datumEinde,verblijfstitel.inOnderzoek.datumEinde
verblijfstitel.inOnderzoek.datumIngang,verblijfstitel.inOnderzoek.datumIngang
inOnderzoek.datumIngang,verblijfstitel.inOnderzoek.datumIngang
